{"data_names_to_plot": ["predicted_x_position", "real_x_position"], "config": {"smartphone": {"distance": [15], "dims": {"length": 17.3, "width": 7.8}}, "speakers": [{"name": "left", "frequencies": [18000, 18200, 18400, 18600, 18800]}]}, "time": [1.3456196784973145, 1.3516056537628174, 1.358588695526123, 1.38569974899292, 1.418527364730835, 1.4667742252349854, 1.498497724533081, 1.5304419994354248, 1.563300609588623, 1.5951812267303467, 1.6267895698547363, 1.6580030918121338, 1.6913444995880127, 1.7224278450012207, 1.7547879219055176, 1.7857890129089355, 1.8180036544799805, 1.866466999053955, 1.8980491161346436, 1.9301645755767822, 1.9633219242095947, 1.9942607879638672, 2.0257506370544434, 2.057920217514038, 2.0902180671691895, 2.1223886013031006, 2.153724431991577, 2.1856443881988525, 2.217303514480591, 2.265684127807617, 2.297563076019287, 2.3295881748199463, 2.3623712062835693, 2.3950355052948, 2.4256811141967773, 2.4577796459198, 2.489950656890869, 2.5214271545410156, 2.553844451904297, 2.585749387741089, 2.6178953647613525, 2.6657369136810303, 2.696821928024292, 2.729273796081543, 2.7617321014404297, 2.7942771911621094, 2.8256614208221436, 2.8572802543640137, 2.8903696537017822, 2.9224953651428223, 2.953505039215088, 2.9855830669403076, 3.017717123031616, 3.0656862258911133, 3.0973267555236816, 3.1292026042938232, 3.1624815464019775, 3.1943976879119873, 3.2266273498535156, 3.2576375007629395, 3.289517641067505, 3.3223774433135986, 3.3534114360809326, 3.384939670562744, 3.4174563884735107, 3.4657182693481445, 3.4982550144195557, 3.532900094985962, 3.5702531337738037, 3.6102025508880615, 3.6508798599243164, 3.689951181411743, 3.731264352798462, 3.7708377838134766, 3.8110122680664062, 3.86181902885437, 3.9016528129577637, 3.9397425651550293, 3.981171131134033, 4.0199151039123535, 4.061324596405029, 4.116139888763428, 4.14007568359375, 4.1810808181762695, 4.221596717834473, 4.265759229660034, 4.300148248672485, 4.3416478633880615, 4.381052494049072, 4.43144416809082, 4.4708092212677, 4.511057615280151, 4.549981355667114, 4.590181112289429, 4.62919545173645, 4.670784950256348, 4.705817222595215, 4.745176792144775, 4.785094976425171, 4.82619833946228, 4.866707801818848, 4.905961036682129, 4.949616193771362, 4.996788501739502, 5.03518533706665, 5.076338052749634, 5.11790657043457, 5.155846834182739, 5.194995164871216, 5.234963655471802, 5.276515960693359, 5.315644979476929, 5.3556084632873535, 5.395175933837891, 5.43529748916626, 5.4766998291015625, 5.516535520553589, 5.566411256790161, 5.606055021286011, 5.6473069190979, 5.685271263122559, 5.725133895874023, 5.785463809967041, 5.817634582519531, 5.865738868713379, 5.897498607635498, 5.929357290267944, 5.966627597808838, 6.016211986541748, 6.050916433334351, 6.095557689666748, 6.134862422943115, 6.1750328540802, 6.235345840454102, 6.265684127807617, 6.297940731048584, 6.334857940673828, 6.376063346862793, 6.449082374572754, 6.4570698738098145, 6.495971202850342, 6.535961151123047, 6.5742409229278564, 6.616061687469482, 6.668496370315552, 6.70555305480957, 6.749829053878784, 6.784961223602295, 6.826032638549805, 6.890271425247192, 6.921492338180542, 6.953394651412964, 6.985425710678101, 7.020154714584351, 7.06568717956543, 7.100382328033447, 7.141190767288208, 7.1823036670684814, 7.231921911239624, 7.270263671875, 7.309940576553345, 7.3515002727508545, 7.390093803405762, 7.432348728179932, 7.469804763793945, 7.513198137283325, 7.550458192825317, 7.593383312225342, 7.63094162940979, 7.670697927474976, 7.709568977355957, 7.7498252391815186, 7.800120830535889, 7.839327096939087, 7.881934404373169, 7.9202046394348145, 7.960142612457275, 8.001118183135986, 8.040067672729492, 8.081077337265015, 8.120220184326172, 8.160279989242554, 8.200260400772095, 8.238942861557007, 8.280909299850464, 8.330904722213745, 8.370082139968872, 8.41309666633606, 8.451037883758545, 8.49056077003479, 8.530787229537964, 8.570305585861206, 8.610164880752563, 8.65079951286316, 8.689619064331055, 8.73073148727417, 8.769465684890747, 8.810425519943237, 8.850368738174438, 8.901418209075928, 8.939075708389282, 8.978299856185913, 9.020086765289307, 9.065712213516235, 9.097410440444946, 9.134782552719116, 9.176712274551392, 9.215526103973389, 9.254693984985352, 9.29425859451294, 9.335490703582764, 9.37366271018982, 9.41500735282898, 9.464799404144287, 9.50477385520935, 9.545054912567139, 9.58395004272461, 9.6258385181427, 9.663737535476685, 9.70462965965271, 9.744521379470825, 9.784414768218994, 9.824308156967163, 9.865111827850342, 9.904335737228394, 9.94454312324524, 9.984546184539795, 10.034245014190674, 10.075902938842773, 10.115639209747314, 10.154227018356323, 10.199192762374878, 10.239212274551392, 10.273334503173828, 10.316673994064331, 10.358010292053223, 10.395833969116211, 10.43558406829834, 10.475256443023682, 10.514288187026978, 10.566290140151978, 10.605131387710571, 10.644521713256836, 10.685727834701538, 10.724703311920166, 10.766340017318726, 10.809277772903442, 10.84413456916809, 10.884731769561768, 10.92279601097107, 10.964805126190186, 11.02936863899231, 11.065476655960083, 11.097829103469849, 11.135125160217285, 11.17591667175293, 11.250184059143066, 11.257164239883423, 11.289191246032715, 11.330605745315552, 11.36946439743042, 11.409568786621094, 11.467575311660767, 11.497356653213501],