{"config": {"smartphone": {"position": {"x": 75, "y": 10}, "dims": {"length": 17.3, "width": 7.8}}, "speakers": [{"name": "left", "frequencies": [18000, 18200, 18400, 18600, 18800]}, {"name": "right", "frequencies": [19000, 19200, 19400, 19600, 19800]}]}, "predicted_position": [[74.9865239570286, 0], [74.9865239570286, 0], [74.9834362996988, 0], [74.98315450969534, 0], [74.96068622366491, 0], [74.9454864774417, 0], [74.93094893662649, 0], [74.93127491851017, 0], [74.93111195614851, 0], [74.93111195614851, 0], [74.93077543299289, 0], [74.93046933855285, 0], [74.93063724042003, 0], [74.91685042062088, 0], [74.9020010440065, 0], [74.9023172358241, 0], [74.90207512685907, 0], [74.90207512685907, 0], [74.9017486303506, 0], [74.8867258154621, 0], [74.88688878490719, 0], [74.8721759707448, 0]], "description": "q"}