{"config": {"smartphone": {"position": {"x": 75, "y": 10}, "dims": {"length": 17.3, "width": 7.8}}, "speakers": [{"name": "left", "frequencies": [18000, 18200, 18400, 18600, 18800]}, {"name": "right", "frequencies": [19000, 19200, 19400, 19600, 19800]}]}, "predicted_position": [[75.0, 0], [75.00006165497764, 0], [74.9999111617979, 0], [74.98487401786245, 0], [74.98487401786245, 0], [74.98453515816391, 0], [74.97020874285991, 0], [74.95557882243054, 0], [74.94047931133527, 0], [74.94080626881097, 0], [74.94064511862449, 0], [74.94064511862449, 0], [74.94031317587347, 0], [74.93998274529011, 0], [74.94014175274177, 0], [74.92618771816728, 0], [74.90392230918606, 0], [74.90424931788036, 0], [74.90408817713843, 0], [74.90408817713843, 0], [74.9037607684514, 0], [74.88827701672268, 0], [74.88843293934454, 0], [74.87353523372997, 0], [74.85804165540237, 0], [74.85836944700928, 0], [74.85822190525491, 0], [74.85822190525491, 0], [74.85772769228068, 0], [74.84268164536736, 0], [74.84283928453823, 0], [74.84283928453823, 0], [74.82811586295306, 0], [74.81326016084383, 0], [74.81309719021817, 0], [74.81309719021817, 0], [74.81276022804614, 0], [74.7977506565341, 0], [74.79790378710757, 0], [74.78320996713832, 0], [74.76092125370235, 0], [74.77595069027909, 0], [74.77579274652113, 0], [74.77579274652113, 0], [74.77546634513288, 0], [74.76044308131637, 0], [74.76060608972027, 0], [74.76060608972027, 0], [74.74566160873583, 0], [74.74549863692961, 0], [74.74534060344833, 0], [74.74534060344833, 0], [74.74483047612901, 0], [74.73027690324902, 0], [74.73043989748608, 0], [74.73043989748608, 0], [74.73076650862662, 0], [74.73060854125725, 0], [74.71606900291735, 0], [74.71606900291735, 0], [74.71573007980533, 0], [74.7008175889767, 0], [74.68615176622853, 0], [74.68615176622853, 0], [74.68664107441381, 0], [74.68648396295781, 0], [74.68648396295781, 0], [74.68648396295781, 0], [74.68615290067861, 0]], "description": "q"}