{"data_names_to_plot": ["predicted_x_position", "doppler_deviation_18000_hz", "doppler_deviation_18200_hz", "doppler_deviation_18400_hz", "doppler_deviation_18600_hz", "doppler_deviation_18800_hz", "doppler_deviation_chosen", "real_x_position"], "config": {"smartphone": {"distance": [15], "dims": {"length": 17.3, "width": 7.8}}, "speakers": [{"name": "left", "frequencies": [18000, 18200, 18400, 18600, 18800]}]}, "time": [1.4717192649841309, 1.4786725044250488, 1.5026123523712158, 1.5355415344238281, 1.584397315979004, 1.6153082847595215, 1.6470589637756348, 1.678978443145752, 1.710906744003296, 1.7427942752838135, 1.7747077941894531, 1.806663990020752, 1.8385372161865234, 1.8704514503479004, 1.9043607711791992, 1.9352807998657227, 1.9831507205963135, 2.0160775184631348, 2.0469813346862793, 2.079892873764038, 2.111806869506836, 2.1437230110168457, 2.1751203536987305, 2.2070744037628174, 2.238952875137329, 2.2708687782287598, 2.302781343460083, 2.3346962928771973, 2.383622884750366, 2.4155361652374268, 2.4474501609802246, 2.4793667793273926, 2.5112788677215576, 2.543194532394409, 2.5751073360443115, 2.607022762298584, 2.638937473297119, 2.671706199645996], "predicted_x_position": [15.0, 15.0, 15.0, 15.0, 15.0, 15.0, 15.0, 15.0, 15.0, 15.0, 15.0, 15.0, 15.0, 15.0, 15.0, 15.0, 15.0, 15.0, 15.0, 15.0, 15.0, 15.0, 15.0, 15.0, 15.0, 15.0, 15.0, 15.0, 15.0, 15.0, 15.0, 15.0, 15.0, 15.0, 15.0, 15.0, 15.0, 15.0], "doppler_deviation_18000_hz": [0.0, 0.0, 0.0, 0.0, 0.0, 0.0, 0.0, 0.0, 0.0, 0.0, 0.0, 0.0, 0.0, 0.0, 0.0, 0.0, 0.0, 0.0, 0.0, 0.0, 0.0, 0.0, 0.0, 0.0, 0.0, 0.0, 0.0, 0.0, 0.0, 0.0, 0.0, 0.0, 0.0, 0.0, 0.0, 0.0, 0.0, 0.0], "doppler_deviation_18200_hz": [0.0, 0.0, 0.0, 0.0, 0.0, 0.0, 0.0, 0.0, 0.0, 0.0, 0.0, 0.0, 0.0, 0.0, 0.0, 0.0, 0.0, 0.0, 0.0, 0.0, 0.0, 0.0, 0.0, 0.0, 0.0, 0.0, 0.0, 0.0, 0.0, 0.0, 0.0, 0.0, 0.0, 0.0, 0.0, 0.0, 0.0, 0.0], "doppler_deviation_18400_hz": [0.0, 0.0, 0.0, 0.0, 0.0, 0.0, 0.0, 0.0, 0.0, 0.0, 0.0, 0.0, 0.0, 0.0, 0.0, 0.0, 0.0, 0.0, 0.0, 0.0, 0.0, 0.0, 0.0, 0.0, 0.0, 0.0, 0.0, 0.0, 0.0, 0.0, 0.0, 0.0, 0.0, 0.0, 0.0, 0.0, 0.0, 0.0], "doppler_deviation_18600_hz": [0.0, 0.0, 0.0, 0.0, 0.0, 0.0, 0.0, 0.0, 0.0, 0.0, 0.0, 0.0, 0.0, 0.0, 0.0, 0.0, 0.0, 0.0, 0.0, 0.0, 0.0, 0.0, 0.0, 0.0, 0.0, 0.0, 0.0, 0.0, 0.0, 0.0, 0.0, 0.0, 0.0, 0.0, 0.0, 0.0, 0.0, 0.0], "doppler_deviation_18800_hz": [0.0, 0.0, 0.0, 0.0, 0.0, 0.0, 0.0, 0.0, 0.0, 0.0, 0.0, 0.0, 0.0, 0.0, 0.0, 0.0, 0.0, 0.0, 0.0, 0.0, 0.0, 0.0, 0.0, 0.0, 0.0, 0.0, 0.0, 0.0, 0.0, 0.0, 0.0, 0.0, 0.0, 0.0, 0.0, 0.0, 0.0, 0.0], "doppler_deviation_chosen": [0.0, 0.0, 0.0, 0.0, 0.0, 0.0, 0.0, 0.0, 0.0, 0.0, 0.0, 0.0, 0.0, 0.0, 0.0, 0.0, 0.0, 0.0, 0.0, 0.0, 0.0, 0.0, 0.0, 0.0, 0.0, 0.0, 0.0, 0.0, 0.0, 0.0, 0.0, 0.0, 0.0, 0.0, 0.0, 0.0, 0.0, 0.0], "real_x_position": [15.0, 15.0, 15.0, 15.0, 15.0, 15.0, 15.0, 15.0, 15.0, 15.0, 15.0, 15.0, 15.0, 15.0, 15.0, 15.0, 15.0, 15.0, 15.0, 15.0, 15.0, 15.0, 15.0, 15.0, 15.0, 15.0, 15.0, 15.0, 15.0, 15.0, 15.0, 15.0, 15.0, 15.0, 15.0, 15.0, 15.0, 15.0], "description": "q"}