{"data_names_to_plot": ["predicted_x_position", "doppler_deviation_18000_hz", "doppler_deviation_18200_hz", "doppler_deviation_18400_hz", "doppler_deviation_18600_hz", "doppler_deviation_18800_hz", "doppler_deviation_chosen", "real_x_position"], "config": {"smartphone": {"distance": [15], "dims": {"length": 17.3, "width": 7.8}}, "speakers": [{"name": "left", "frequencies": [18000, 18200, 18400, 18600, 18800]}]}, "time": [1.4663898944854736, 1.4743690490722656, 1.500298261642456, 1.532214879989624, 1.5800845623016357, 1.6119985580444336, 1.643972396850586, 1.6758685111999512, 1.7077434062957764, 1.7396588325500488, 1.771575689315796, 1.8034868240356445, 1.8364195823669434, 1.8673162460327148, 1.900228500366211, 1.9318227767944336, 1.9794597625732422, 2.0123634338378906, 2.0432798862457275, 2.075193166732788, 2.107109546661377, 2.1390223503112793, 2.171940803527832, 2.2038493156433105, 2.2347664833068848, 2.267678737640381, 2.300593137741089, 2.332504987716675, 2.3803775310516357], "predicted_x_position": [15.0, 15.0, 15.0, 15.0, 15.0, 15.0, 15.0, 15.0, 15.0, 15.0, 15.0, 15.0, 15.0, 15.0, 15.0, 15.0, 15.0, 15.0, 15.0, 15.0, 15.0, 15.0, 15.0, 15.0, 15.0, 15.0, 15.0, 15.0, 15.0], "doppler_deviation_18000_hz": [0.0, 0.0, 0.0, 0.0, 0.0, 0.0, 0.0, 0.0, 0.0, 0.0, 0.0, 0.0, 0.0, 0.0, 0.0, 0.0, 0.0, 0.0, 0.0, 0.0, 0.0, 0.0, 0.0, 0.0, 0.0, 0.0, 0.0, 0.0, 0.0], "doppler_deviation_18200_hz": [0.0, 0.0, 0.0, 0.0, 0.0, 0.0, 0.0, 0.0, 0.0, 0.0, 0.0, 0.0, 0.0, 0.0, 0.0, 0.0, 0.0, 0.0, 0.0, 0.0, 0.0, 0.0, 0.0, 0.0, 0.0, 0.0, 0.0, 0.0, 0.0], "doppler_deviation_18400_hz": [0.0, 0.0, 0.0, 0.0, 0.0, 0.0, 0.0, 0.0, 0.0, 0.0, 0.0, 0.0, 0.0, 0.0, 0.0, 0.0, 0.0, 0.0, 0.0, 0.0, 0.0, 0.0, 0.0, 0.0, 0.0, 0.0, 0.0, 0.0, 0.0], "doppler_deviation_18600_hz": [0.0, 0.0, 0.0, 0.0, 0.0, 0.0, 0.0, 0.0, 0.0, 0.0, 0.0, 0.0, 0.0, 0.0, 0.0, 0.0, 0.0, 0.0, 0.0, 0.0, 0.0, 0.0, 0.0, 0.0, 0.0, 0.0, 0.0, 0.0, 0.0], "doppler_deviation_18800_hz": [0.0, 0.0, 0.0, 0.0, 0.0, 0.0, 0.0, 0.0, 0.0, 0.0, 0.0, 0.0, 0.0, 0.0, 0.0, 0.0, 0.0, 0.0, 0.0, 0.0, 0.0, 0.0, 0.0, 0.0, 0.0, 0.0, 0.0, 0.0, 0.0], "doppler_deviation_chosen": [0.0, 0.0, 0.0, 0.0, 0.0, 0.0, 0.0, 0.0, 0.0, 0.0, 0.0, 0.0, 0.0, 0.0, 0.0, 0.0, 0.0, 0.0, 0.0, 0.0, 0.0, 0.0, 0.0, 0.0, 0.0, 0.0, 0.0, 0.0, 0.0], "real_x_position": [15.0, 15.0, 15.0, 15.0, 15.0, 15.0, 15.0, 15.0, 15.0, 15.0, 15.0, 15.0, 15.0, 15.0, 15.0, 15.0, 15.0, 15.0, 15.0, 15.0, 15.0, 15.0, 15.0, 15.0, 15.0, 15.0, 15.0, 15.0, 15.0], "description": "q"}